"","Body","Sarcastic"
"1","Oh no, two potential husband's lost forevaaaaa. How will they survive? ",1
"2","Says the famous peer reviewed journal commonly known as Yourass. ",1
"3","Donâ€™t you just hate people who have sex? ",1
"4","Ah the well known fact tall women receive no shit, donâ€™t get called secretly trans, or receive at best dominatrix/death by snu snu â€œcomplimentsâ€. 

Truly magnificent reflection of reality. ",1
"5","So short men wish they were sexualised? ",1
"6","Letâ€™s make women bored and lonely again so that they want to have a baby so that it can be the only joy in their life and they can heap all of their dreams and life aspirations onto that child and how well that child succeeds will directly determine their own feelings of self-worth. Yes, this will make for a happy and healthy home life and family dynamic. ðŸ™‚

",1
"7","I hate seeing men drink wine. That's for women ",1
"8","Yes, because we all know women are exact clones of their mothers.  ",1
"9","Nah. Women only want romance and endure sex as a way to get it. ",1
"10","Well what you want them to do 

Give a nice compliment with out tearing other people down

Come on that's impossible ",1
"11","Oh, that's a nice responsibility reversal topic. Women are the reason why men are weak - whatever weak means and however it is bad is open to questioning, but you know... Feminism. ",1
"12","Wait women are golfballs now, I though woman were shoes or joycons?
",1
"13","Yes, 18 year old girls pine for 50 year old men.  How did he know? ",1
"14","So all the 40-60 y/o men who are well put together as described above were just fucking with me at the gas station when they threw tantrums when they couldn't figure out how to use the pumps outside?

well played gentlemen the ladies are yours. ",1
"15","I don't understand. Why isn't he happy that she's sterilized? Did he want her to pass some/all of these terrible traits to the next generation? ",1
"16","He forgot ""knitting."" ",1
"17","Wow. Did the Supreme Court just take away their right to request a paternity test? 

No? They are just not entitled to demand one from a committed partner without her _having feelings_ about it? 

Such an injustice. ",1
"18","Yâ€™ALL COMPLAINING ABOUT BEING ATTACKED, WHAT IF SOMEONE CHEATS ON ME???!!!!!!! ðŸ˜±ðŸ˜­

",1
"19","How dare WOMEN wear swimsuits at a BEACH???!!!ðŸ˜¤ ",1
"20","What about that time in Iceland, when almost all women in the country went on strike? That went great for society! ",1
"21","Also why is their idea of a feminist that one red haired girl that attacked some people on the street from that youtube video? She's one person, not feminism as a whole. 

This is the same level of stupidity as the
""all men /insert biggoted statement here/"" 
And men wonder where the women who have come at them with the ""all men"" statements get it from, hmmmm, I wonder... ",1
"22","Yeah, ladies, let's  go out to eat with our bfs/husbands and their parents and call them master in front of them. This will 100% please everyone and will in no way seem sexual. ",1
"23","Call him 'boss' in a 1920s Gangster voice. Wear a fitted vest and carry a gun around. Ask him if he wants you to make his enemies sleep with the fishes. ",1
"24","Thank you, Captain Vagina. 

^^^^",1
"25","yeah, women only want to begin arguments ",1
"26","Itâ€™s true, 

I am an artificial intelligence with little sentience construed by the world government to give the illusion of femininity to men. ",1
"27","Well..... Only if he's over six-feet tall. ðŸ™ƒ

",1
"28","So he only does missionary, and only cares about himself, great ",1
"29","So how does it work for the female female interaction? According to that text only one of them would be lesbianics ",1
"30","dude outed himself as a creep too with that last line. I'm sure she feels just awful and is going to drop everything for this insecure little boy. ",1
"31","I didnâ€™t know that I was suppose to prefer a very specific type of guy and never stray from it! Here Iâ€™ve been basing attractiveness on who people are as individuals!!! Wow. Us females really ARE fucking stupid. ",1
"32","His entitlement is really in full view when he goes on about having notifications on for her posts. Heâ€™s a superfan so she owes him!! ",1
"33","Very cool of him to mansplain attraction and tell her what she finds attractive. Good looking out for her ",1
"34","Oh no, a woman has a preference, and it doesn't align with his perceived notion of what an ultimate Chad that would get all the chicks looks like! Call the ambulance, we have an emergency here! ",1
"35","I guess my wonderful wife was a failure. Gee I wish I'd known sooner.. I wouldn't have wasted twenty five years with her...",1
"36","Yeah, a guy keeping his emotions bottled only for them to explode out of him is sooooo much better ",1
"37","Fun fact, that frog is not poisonous in captivity, it gets its poison from the food it eats. So if you feed that women a non poisonous diet, she will be safe to have around. ",1
"38","Oh yeah I met one single female in my life now I will judge the entire women population based on that. I don't need statistics and data to back that up. ",1
"39","You can see that he is successful because he is able to pay for the Twitter verification.

",1
"40","â€œKeep our schools away from our childrenâ€™s private partsâ€ because schools have an abundant amount of sex ed classes ",1
"41","And all those horrid women wearing bathing suits to the pool . . . selfish wenches, I say!

",1
"42","Wait so what if I start going up to guys and saying ""damn your abs and pecs are so sexy they make you look so breedable"" and other things along the lines of that, and they get creeped out/offended it's their fault right? They have no reason to have their shirt off at the gym ",1
"43","If straight woman like-a the man, then why are â€œsoft boysâ€ popular? 

If straight man like da women, then why do they date ones that weight lift?! Thatâ€™s for Mans! 

If gay guyses like the Gayman, then why no read The Graveyard Book? 

If Corgi like the humans, then why sneak off and ride pony?! 

",1
"44","Maybe putting up with actual men is more hassle than its worth ",1
"45","if straight men like women, then why don't they date feminine men? ",1
"46","If boys like girls and boys don't like boys, then why are they asking for anal from girls? Obviously they are secretly gay. ",1
"47","Yup, women do in fact sign random af men up for penis enlargement ",1
"48","Totally, female surgeons are world famous for crying about ex boyfriends 86.7 seconds into surgery.  ",1
"49","I mean what if the US gets a female president? Sheâ€™ll get her period, get all emotional, and before we know it, sheâ€™ll be dropping nukes!!!

",1
"50","Oh man. And here I am just worried about medical students practicing pelvic exams on me without my knowledge while Iâ€™m unconscious and under anesthesia :/ ",1
"51","Women, do you just start crying at random times. ",1
"52","I'd rather have a woman operate on me bc I've seen what men do to video game controllers when something happens and they don't like it. ",1
"53","why isn't he more worried about the male operators with their big, strong manly man hands? they could crush right through him!! ðŸ™„ ",1
"54","I mean, yeah. Kids are great, but I can't eat a whole one. Pills are smaller. ",1
"55","Yep, because my inability to take care of myself would translate perfectly to having to take care of a child. ",1
"56","No. I disagree with this statement. 

I know that virgin women can walk on water and have sex everyday

",1
"57","He's totally right. It's just wasteful to change tampons before they're completely full anyway. ",1
"58","Wow, if he didnâ€™t explain this to me, I might have over used my tampons! How wasteful I could have been!  ",1
"59","I'm in pain from reading this. As if the image of an ""already pink"" pussy and a ""glistening clit"" weren't already cringey enough he had to top it with descriptions of extremely painful stimulation. Maybe teaching men abut the clitoris was a mistake after all ",1
"60","Weâ€™re like tofu, we just absorb whatever opinions the men around us have.  Obviously we canâ€™t have our own thoughts or ideas. ",1
"61","Yeah we are all imprinting on our first. This is why all women want to be with their first and no one else, ever. ",1
"62","Yeah - this guyâ€™s a real gem ",1
"63","I sure love the life-long trauma from the violence, psychological torture and sexual abuse I suffered from the hands of mine. After all, I asked for it. ",1
"64","True... true... nothing wrong with liking video games. It's unreasonable and incorrect to get mad at people who play them. Oh. That's casual misogyny. That's nice. 
",1
"65","Yes, men have historically handled criticism quite well. ",1
"66","Which is why men murder women who reject them.",1
"67","Oh shit yaâ€™ll, he figured out the system, we need to change our tactics before he exposes us ",1
"68","You know sheâ€™s a slut because she has blonde hair and big boobs

",1
"69","Keep telling yourself that, 'good guy'. Your time will surely come. 

",1
"70","Iâ€™m so glad they clarified that only assholes and sluts put on weight as adults. It would be so confusing for everyone if we didnâ€™t use body shaming to code the people weâ€™re not supposed to like. ",1
"71","Is she really a good girl then if she doesnâ€™t have babies and isnâ€™t married to the good guy, like the slut? Slut can feed those babies with her big boobs ",1
"72","Shit, treating women like sex objects and only talking a out sex didn't woo you? Must be he's not Chad enough. ",1
"73","Because depression doesnâ€™t happen after having kids or anything. 

Nobody ever had to try to raise kids while struggling with depression or anything. ",1
"74","Depression mixed with pregnancy and children? That will go over well. ",1
"75","Thanks for telling me! 

*throws zoloft away* 

",1
"76","Ugh, awful. 

Soapbox: Here to suggest the affordable/Medicaid-friendly GeneSight for finding your best psych meds. Unisex suggestion but itâ€™s good to have hard science to throw in the face of medical sexism. 

I canâ€™t do most SSRIs but I also canâ€™t have bio children so I clearly donâ€™t exist.",1
"77","Everyone knows that depressed people make great parents! ",1
"78","People who have penises should not masterbate or have sex until they are married because their dick will stretch out and get thinner. Their dicks will just flop around uselessly and never get hard again because they don't have enough blood in their bodies to fill it up anymore. Their testicles will shrivel up like little raisins. ",1
"79","Ahh yes, all my clothes are $6000 each and I only wear them once. ðŸ‘Œ bro fucking NAILED that one, hell yeh",1
"80","All of this is very real and totally happened ",1
"81","I dated Asian guys but Iâ€™m mixed race so I suppose Iâ€™ll be looked over by this amazing fella. 
Ugh what a shame !",1
"82","I wonder why the man in the photo is in a happy relationship, while the deep thinker who made this pithy comment isnâ€™t? Oh, whatever could the reason be? ",1
"83","Seems I have to call out my surgeon, when I see her today. Despite the certificate I got stating that she created female sex organs, meaning vagina and vulva, clearly she gave me some other version of a penis I didnâ€™t know about and didnâ€™t consent to. What the hell doc, I trusted you. ",1
"84","Mine doesnâ€™t look like any of these. Does that mean Iâ€™m not a woman??? ",1
"85","Itâ€™s only REAL rape if you get the tshirt afterwards and wear it so everyone knows youâ€™ve been raped.

",1
"86","As everyone knows people can't *possibly* land great roles due to talent! They always have to suck a dick! ",1
"87","women are becoming smarter & acknowledging their worth as ppl, now i canâ€™t trap them into becoming my little birthing machine. boo fucking hoo ",1
"88","These are 3 examples prostitution, but the third one will give you a nasty STD.

",1
"89","Tampons=sex! I always knew that every single woman loved tampons for a reason. ",1
"90","Yeah I know women get physically assaulted, but donâ€™t yaâ€™ll know the male suffering of not getting to have sex with whoever we want? \#MaleOppression

 ",1
"91","A bit of racism, a sprinkle of religious clichÃ©s, and a cherry on top reference to Nazism. What's not to like? ",1
"92","Have they met a singular Asian woman outside of the internet


eta: told my bf he must have a defective asian gf because iâ€™m not like these girls in the super funny meme ",1
"93","I didnâ€™t know I wanted my boyfriend to own 3 houses and 10 cars. He must be hiding them somewhereðŸ™„ ",1
"94","Men bitch and moan all the time, I donâ€™t wanna hear it ",1
"95","Yes.  Men have to be silent the entire time.  Obviously.  Don't you know how this works? ",1
"96","You wanna know your partner is having a good time? You mad weird 


",1
"97","everyone knows men don't moan. ",1
"98","Well, female humans are almost identical to turtles ",1
"99","Nah, it was definitely the greeting card companies. ",1
"100","100% why he ~~can't~~ don't date. ",1
"101","Read: I don't have cramps, so cramps mean you're a bad person.

My swim team coach was like this. In her case, they were caused by ""not eating right."" If we had cramps that made it hard to swim, she'd refuse to let us take a light day because ""it was [our] own fault.""

So we just skipped practice instead. Definitely the better way to go if you want to beat other teams. ",1
"102","""Boys will be boys"" ",1
"103","Imagine the horror of someone wanting to be with you not because they need you to survive but because they actually love you. Truly, that would be pure hell! ",1
"104","""This is the truth""

oh okay. Until you said that I wasn't sure it was. ",1
"105","2 weeks ago I took up airgun practices, but now I realize I should quit because I'm a girl, so grateful I saw this and can go back to my true womanly self ",1
"106","I thought the fascination with guns some people have showed how mentally retarded they were? But hey... Feminism. ",1
"107","Umh... I never even tried to hide it. I thought the shirt with the writing ""I love you Lucifer"" and the choker ""Satan's Good Girl"" were telling enough. Apparently not I guess ",1
"108","Oh okay I should have thought to mention that to my uterus which is currently trying to aggressively leave my body. Iâ€™m so dumb! ",1
"109","Being kicked in the balls is fabricated as ""painful"" by males seeking attention online. There is nothing painful about getting kicked in the balls. ",1
"110","Why is Castel in those folks bedroom? That's just creepy af


",1
"111","Missing the chance to marry an incel neonazi? How can anyone ever recover from that?! ",1
"112","but girls should only be taught how to cook and clean ",1
"113","She is showing her eyes, she definitely wants guys to make eye contact with her constantly and flirt with eye movement signals. She is asking for it. ",1
"114","Women with babies are the absolute worst! ",1
"115","So, only men were enslaved?  Wow - you're right, apparently our teachers & the professionals who wrote all of our textbooks were wrong... ",1
"116","What about her, man? What about her wants and needs? I guess women are robots whose only purpose is to serve. ",1
"117","That makes so much sense because my favourite hobby is fucking other women 


",1
"118","Most of my exes had 0 interest in 99% of my hobbies. But I guess I picked them up in a past life from past partners because I have to wonder where else in the world I could have gotten them from ",1
"119","That's weird since i have hobbies but never had a boyfriend.... ",1
"120","Wow, so my gf, who hasn't been in a relationship before me, somehow picked up being a fantastic artist years before we got together from my bad stick figure drawing ass

Good to know I somehow have that skill deep inside me ",1
"121","Before dating I just spent the first 18 years of my life staring at walls all day in my spare time ",1
"122","Nonsense. Everyone knows that what they dont have is *Food preferences*, not until their current s/o offers up the correct suggestion.


",1
"123"," it was *totally* my first boyfriend who got me into art and crafting. ðŸ¤ª ",1
"124","Iâ€™ve heard that men can lactate too. Just keep a man around a pregnant woman. Massage his nipples regularly, and he will start to lactate eventually. Oh, yeah. You can milk anything with nipples. 
â€¦
",1
"125","Oh no, a non-conventionally attractive woman is embracing herself and sharing her life with others, society is doomed! ",1
"126","A woman who isnâ€™t physically perfect in my eyes isnâ€™t treated as a freak pariah!! MATRIARCHY!!!!!!!! ",1
"127","It's hot seeing women masturbate with her feet ",1
"128","Bro why is the man punching himself? Wellâ€¦ to each their own I guess ",1
"129","Excuse me? WHY eould you ever even THINK that the WOMAN masturbate. Women don't do that ",1
"130","Ahâ€¦ just another day of waking up as an object. Lovely weather too ",1
"131","Who wants to tell him that female animals regularly kill or abandon their offspring?

Do tell me how not having kids is ""selfish"", exactly who is it hurting? Also, ""always a chance that you might have children"" sounds rapey.

As for #5--both my brothers are married to women and have young children. They do at least 50% of the house/child care. I'd better go tell them they aren't actually men. ",1
"132","> I am a female, i am a woman

That was her first mistake ",1
"133","She's awesome. And yeah, that void some men have has enough space to keep all their stupid ideas in one spot. ",1
"134","OMG. Now they are turning on their mothers. Their mothers are not human beings to them anymore either. No point in trying to talk men like this. Abort mission. Actually, just abort. ",1
"135","I am not on birth control (because I'm single and non-active) and I still don't like alpha males. Must be the media then, I guess. 

There's no chance I just have preferances. Cause all women are the same. Right? RIGHT? 

",1
"136","I love how instead of preventing the creation of incels by demonizing their ideology, weâ€™re supposed to reward, incentivize, and appease them by taking the rights of women who have done nothing wrong. I canâ€™t see how this could go wrong! ",1
"137","Wait, we arenâ€™t ALL raped and murdered and yet we fear the very real potential of that happening to us? I had no idea! I thought I was dead right now.",1
"138","Oh the horror of doing something you enjoy without the possibility of getting laid! So terrible ",1
"139","Its much better to come home to a drunk asshole husband who beats you. ",1
"140","Suuuuure. That happened. ",1
"141","I donâ€™t understand how Iâ€™m supposed to find a husband without dating unless itâ€™s an arranged marriage, and in that case, itâ€™s still not my choice, it would be up to my family, and they would probably just want someone rich. ",1
"142","She used up almost half of her heart on the second guy, I suppose she still misses him? ",1
"143","Donâ€™t you know? Women are only suppose to get pregnant when men give them permission to do so and it has to be a collective agreement of all penis owner kind before reproduction can occur. Until then, all female humans are suppose to sit silently in a darkened room eating nothing but saltines and small sips of water (canâ€™t become any degree of emasculating to men like being fat, become old, canâ€™t have a labia that can be seen from outside the body, breast size they donâ€™t like, ass size they donâ€™t like, and sexual apatite that clashes with theirs) until the other men in their life gives them permission to go off with another man of their choosing. ",1
"144","Wtf would I want a man for if it can't be trained to obey me? 
",1
"145","He sounds nice. ",1
"146","Sure kiddo. It's *totally normal* and healthy to *hate* other people for the exercise of their extremely basic human rights. No problems there. ",1
"147","Yeah sure its about you being a virgin, and not your amazing personality ",1
"148","Damn, I didn't know I was secretly a photographer. That flash always scared me a bit, but now that I know my penis allows me to use it properly along with installing ""software"" then I am obviously a golden god who should be worshipped by all women. Bow to my photo and IT taking prowess, and give me ALL the sex because I deserve it. Penis good, vagina bad!!!! ",1
"149","I can do and have done baby stuff.

I have failed as a man.

",1
"150","Any man who isnâ€™t a sexual predator is a simp, but itâ€™s not all men.",1
"151","I often show my hatred for men by sleeping with all of them (thatâ€™ll teach them)!! ",1
"152","But of course donâ€™t you forget about males being superior ",1
"153","Ah yes as an opposite to the west, I present the country ""London"" where women arenâ€™t allowed to be out at night, have to dress modestly and arenâ€™t allowed to show their hair. Otherwise they will be SAâ€˜d and/or executed. ",1
"154","Oh god. Iâ€™m a single flight attendant who isnâ€™t waiting for a man to travel. Guess this is why Iâ€™m still single. ",1
"155","I try so hard to be a good girl while traveling ",1
"156","OK, but the balls are literally outside the body.  Surely men should be kept inside and protected so nothing can hit their precious balls.

Women should do all physical work from now on as their sex organs are more protected ",1
"157","Wait until you have heard the one about women having a gland that makes them forgetful (that the sheikh has forgotten it's name lol) and that's why something something woman can't and shouldn't something something.

Edit: a gland in the brain. I'm sure it made me forget that it was in the brain. I'm such a silly little forgetful woman! ",1
"158","Nope, the issue is women drive so fast our uteruses canâ€™t keep up and it just FLIES out of our bodies. ",1
"159","Gotta go drive down a bumpy hill if that's how I get a free sterilisation ",1
"160","Hahaha.. 'female thoughts'. Convincing! ",1
"161","The party of individual responsibility and freedom....

",1
"162","A++ small government

",1
"163","At least the comment section is dripping with sarcasm.

That meme is trash at best. Not",1
"164","Tomorrow heâ€™ll be complaining about how some stupid bitch maced him in the face just be he wanted to grab her tits (I asked nicely!) The nerve! ",1
"165","Chivalry isnâ€™t dead, clearly. ",1
"166","Lol so by this logic I should be pissed at all men for not proposing to me and they deserve my scorn. 

My torn up pussy is because no man would commit and now they shall all suffer ",1
"167","They grow beards? ",1
"168","Of course! And the entire industry of menstrual pain relief products was also invented by women so they could spend their money on something they donâ€™t need just to gain your sympathy. ",1
"169","One of your organs sheds it's inner lining and then contacts and opens up to get rid of it, and it comes out of your vagina in the form of blood and clotty meaty pieces of afformentioned lining. What could possibly be painful about that? ",1
"170","We're all shallow subhuman pieces of shit. That'a what my dad told me so it must be true ",1
"171","Latifuckinda, period extraordinare knows how every single woman's period should work. What handbook have you been reading eh? What guide do you have, cause clearly I'm defective. ",1
"172","As someone without testicles, I can state with authority that being kicked in the testicles doesnâ€™t hurt and men made this up for attention on the internet. ",1
"173","So I was just attention-seeking when I was in too much pain to walk during my period? I love hearing opinions about periods from people who've never experienced one",1
"174","Being raped by a conquering soldier is the same as taking a new partner. Good to know ",1
"175","â€œI canâ€™t believe my whore of a wife hadâ€¦. Sex. Disgusting. Eventho it was with me. I cannot look at her!â€

",1
"176","What is afterglow? ",1
"177","How dare women know exactly what they want sex wise and demand it in bed. We are just suppose to lay there while a guy flops around onto of us for three solid minutes with his nasty cheese dick and unwashed ass. Expecting anything else is an insult to a man's masculinity God dammit!

",1
"178","Interestingâ€¦ my very present, very Catholic, and somewhat strict father taught me (a woman) to be independent and think for myself.  Despite the churchâ€™s general view of divorce, he never questioned my decision to leave my ex husband, or even SUGGESTED that I should stay.  Almost like he wants me to have healthy and mutually fulfilling relationships.  Guess he TOTALLY dropped the ball in his fatherly dutiesâ€¦ ",1
"179","oh no, not wine and cats! ",1
"180","Men! Stop crying about have a bit of body temperature. ""Oh, I feel so bad""

Your whole job is to be strong and manly! Nobody wants to see you on the couch with tissues and pills! Get up and go hunt, you sissies!

",1
"181","None of those are cats. ",1
"182","A woman leaves a relationship when she is no longer happy with the man? How dare she! ",1
"183","""That's why ALL girls go to the bathroom together"" or some other BS. ",1
"184","""That's why ALL girls go to the bathroom together"" or some other BS. ",1
"185","when men are wearing shorts and no shirt at the gym and are glistening with sweat, like what am I supposed to do? not look? 

friggin cover yourselves up more ",1
"186","Womenâ€™s bodies are so scandalous.
This is why itâ€™s ok to see male nipples and bulges at the gymâ€¦ because their bodies arenâ€™t sinful and disgusting. Also men donâ€™t strip or work as prostitutes. They dress like that for ease of movement and comfort. Women dress like that at the gym to get new clients. ",1
"187","Same guys who tell women they â€deserveâ€œ to get raped. How about focusing on your workout and not worrying about if you have to rape someone or put a dollar in their pants. ",1
"188","What's funny to me is I've seen men with leggings out in public and at the gym and it doesn't bother me at all. Not to mention some of the sweatpants men wear at the gym are revealing lol Maybe they should stop dressing like prostitutes ",1
"189","Women are mysterious creatures. I wish I ever could meet one ",1
"190","Every woman's dilemma ",1
"191","Excellent with some Chianti and Fava beans on the side ",1
"192","Working on home improvements and working out, that's really mature. Wow. I'm so so so impressed. I thought we were going to discuss Belle Hooks visions on the patriarchy or talk about Schopenhauer's controversial ones on desire. But no, we're going to lift weights and go build a kitchen out of Lego. Nice. ",1
"193","Fuck voting. Just get a dictatorship ",1
"194","As a man I'm confused now. I always thought the L and R were for left and right handed vaginas, and now you're telling me they're different sizes?

",1
"195","Didn't I just read about ""orgasmic childbirth"" just three minutes ago on this sub? ",1
"196","Huh. Someone should tell my husband that I apparently hit the wall 10 years ago. He still loves me and wants me. Must be a him problem. ",1
"197","I think the wall means she â€œ hit the wallâ€ so now Incels, Nice Guys and Neckbeards are her only option. ",1
"198","Everyone knows pussy is a nonrenewable resource ",1
"199","So youâ€™re telling us your dick is all used up and useless? ",1
"200","bro, my wifes pussy is going to be sooo loose after she gives birth, and the amount of sex we're going to have, I might have no other choice but to get the husband stitch",1
"201","I've fucked dozens upon dozens of women and none of them had a pussy. Y'all stop lying as though ur cool or smth. ",1
"202","Damn man, save some disappointment for the rest of us. ",1
"203","""but actions have consequences"" ",1
"204","Waitâ€¦when you said friends you meant actual friends? How will guys ever know that you are looking for friends and not hookups when you talk like that? ",1
"205","We all know woman can't have friends ",1
"206","Yeah, that's fine. Humans are just overpopulating the planet. More humans than there have ever been in history. Our species is declining. Me must breeeeeeeeeeeeeeeeeeed. ",1
"207","There's a street market for human beings? Oh, I never knew. ",1
"208","I hate other women! Heâ€™s right! Now pick me! ",1
"209","Yeah, I really hate the millions of women on this earth who I donâ€™t even know ",1
"210","Admitting you have a problem is the first step. ",1
"211","Wait was I supposed to do more than three sets for my max weight leg presses/squats sesh? 

Well shit, I guess Iâ€™ll spend next time hogging the damn leg press for 40 minutes straight. That ought to make them happy right? ",1
"212","Of course! Everything women do, they do for us men. ",1
"213","Shit i ruined my whole group of friend chance to get in couple ",1
"214","I'm 21 and up until now the only partners I ever had are my fuckbuddy (recent arrangement) and my trusty vibrator ðŸ¤· 
Didn't know I was having so much sex almost everyday, it must have happened while I was sleeping ",1
"215",">men have only 20-30 partners per year on average

BUT

>90% have less than 2

this dude doesnâ€™t understand how statistics, let alone how simple *averages* work. how embarrassing. oh yeah, and heâ€™s a misogynist incel. what a stand-up guy! ",1
"216","Then I guess I have some catching up to do. Or is my streak paused indefinitely since I'm married? ",1
"217","The math her adds up when you remember that all males are viable sex partners, but women are only viable sex partners from the ages of 18-24. ",1
"218","Wow, being a woman sounds exhausting! ",1
"219","You need to factor in all of the gangbangs too.. Some days they might hit 20 to 30 partners in just a few hour... ",1
"220","The most logical sex indeed... ",1
"221","This just just in! Suddenly straight men don't enjoy catcalling when they are being catcalled by gay men. Just get over it!",1
"222","Oh damn, everyone stop paying women salaries or fees for the jobs they do then, since itâ€™s not sex it cannot have any value I guess ",1
"223","And also a sandwich ",1
"224","woMeN ONLy gEt dEprESsEd FrOm laCk of DICk! ",1
"225","Omg yes I didnâ€™t actually want to kill myself I just wanted someone to talk to about how great I am ðŸ˜ðŸ˜ðŸ˜ ",1
"226","Wow, what a knee slapper. Dang, first rate comedy. ",1
"227","Itâ€™s so weird because everything is our fault. ",1
"228","I was on them and I say, ""Boo"" to this nonsense. I'm so happy that I got my tubed clamped. Not that I have much interest anymore but that's beside the point. 

Humans aren't birds.

That's good since birds aren't real anyway. ",1
"229","Ah yes, the best orgasms are those that come from tampons! I just walk around trembling all day when wearing one, barely able to focus because itâ€™s like constant sex! They feel so good, sometimes I even wear them when Iâ€™m not on my period! 
",1
"230","Damn how does she have a child with a preschooler. Isnâ€™t that illegal? ",1
"231","Why do they wanna take away womenâ€™s rights when itâ€™s clearly the men who need less. ",1
"232","Wow sexist and transphobic all in one sentence. Impressive ",1
"233","I never knew BDSM was an addiction. ""They tried to make me go to Rehab / But I said no, no, no"" ",1
"234","I'd feel pretty positive if I survived childbirth before modern medicine too. Beat the odds, hooray! ",1
"235","Nothing like a hefty dose of body shaming to keep a healthy relationship flowing! ",1
"236","In 5 years I will save up enough to buy a submissive foreign bride. Good luck lil buddy
",1
"237","If youâ€™re not sexually assaulting people who consider you a friendâ€¦ are you really even living?",1
"238","Please women listen to the racist creep who got fired only because he was being a sex pest, clearly he has only your best interest in mind. ",1
"239","yep, that\`s how it works!                                       ",1
"240","Oh, yeah. Let me tell you all about my preferential treatment! ",1
"241","We really should start default referring to all people online as women, and then when men simply correct it attack them and insist that they only did it based on an agenda. They need to keep their gender unknown to us so we can continue to believe that 98% of people online are women and if they try to ruin that then there is a clear ulterior motive. Pecs to prove it or gtfo. Then start sending him gross, unasked for photos.  ",1
"242","Ah yes I remember breaking my hymen riding my bike. I immediately became spoiled milk. Heâ€™s right on the money. ",1
"243","wow i love objectification ðŸ˜» ",1
"244","Because movies reflect real life",1
"245","Think I just threw up Iâ€™m my mouth ðŸ¤¢

By his conditions, it sounds like he wants a child as his sex slave/maid. How lovely ",1
"246","Sign me the fuck up! He sounds like a huge catch. No rent and Iâ€™ll I have to do is everything he wants whenever he wants and completely rearrange my entire identity? Why couldnâ€™t I come across this sooner?!  ",1
"247","The only reason anyone is friends with anyone is to bang them later! ",1
"248","As a busexual male it us absolutely impossible for me to have friends ",1
"249","Twisting Bible verses to fit their agenda?  That's just business as usual.  Par for the course. Nothing to get excited about.  

Let's move along, folks, there's nothing to see here. ",1
"250","I know eggs are expensive, but damn

",1
"251","Oh yeah, because *looks around at society* you're all doing such a fucking great job. ",1
"252","I mean I too was angry that her boobs weren't pixelated triangles I mean what kind of video game accuracy is this! Almost as bad as Bob Hoskins not being 8-Bit. ",1
"253","That's how POV works, sure! ",1
"254","But this is good, right? Men are the ones who do all the hard work, do the designing of everything important, this keeps the femoids out of the way, surely? ",1
"255","Oh thank god, I was wondering when someone would notice. ",1
"256","Oh no! All the women who wanted his attention must feel just awful right now. ",1
"257","Ladies: You can always bring those slightly used vaginas to my place. We have tea and cookies and lots of fun board games.

",1
"258","Oh no, technology makes life more convenient which means you don't have to spend time grinding down wheat to make bread that will last one meal between you and your huge family because there's no birth control! How awful!  

",1
"259","andrew titty for trans rights????? ",1
"260","Uhm... at least he supports trans rights? ",1
"261","The sexiest thing a guy can do is not be near me and never talk to me, take note incels! I swear it'll work! ",1
"262","Ah yes the angry and violent ones are the ones who are logical, makes perfect sense. ",1
"263","So, even though we know from experience that men can get angry and/or aggressive when weâ€™re straightforward and honest in our rejection, this guy is now schooling us that weâ€™re *actually* likely to anger men when weâ€™re facetious and dishonest in our rejection. So, if we canâ€™t be direct or indirect, honest or dishonest without angering men, maybe the *actual* problem is that these men are just predisposed to get angry when rejected in *any* way? But, no, of course itâ€™s not the menâ€™s fault for not being able to manage their disappointment, clearly itâ€™s *our* fault for not finding that elusive wording that would placate these assholesâ€™ egos. And *weâ€™re* the ones that canâ€™t control our emotions?

The best part of this post are his â€œhelpful suggestionsâ€ for rejection scripts at the end. Because surely bluntly saying â€œYouâ€™re just too fat/old/poor/uglyâ€ will be appreciated for the â€œgrowth opportunityâ€ it provides. I canâ€™t see any way in which that would go terribly, homicidally wrong. ",1
"264","A woman 100% wrote this. Guaranteed. ",1
"265","idk about you but I can taste ben and jerry's with my balls ",1
"266","Wait guys maybe he has a point! I mean he has done the sexâ„¢ï¸ with 94+ virgins! ",1
"267","Yes this is 100% accurate. How every slumber party/sleep over begins and ends (all sexy suspicions men have are dead on) there is just one rule...no men allowed to participate at all! 

",1
"268","No see, a wise woman said it so it must be true! ",1
"269","Ah yes, the classic ""wine and vagine"" girls night out ",1
"270","Heâ€™s imagined it, so it must be true!",1
"271","The boy carries the surname and that is the most important genetic characteristic.  ",1
"272","I change the women in my life for the better in this way. ",1
"273","Was looking at my childhood photos with my son yesterday and he asked why my hair was so much blonder when I was little. Now I have the answer- my husbandâ€™s family are dark haired. Mystery solved itâ€™s his darker dna ",1
"274","Wow that black and white photo is a perfect example of people without pink hair. ",1
"275","Oh yes those clothes look super comfortable. I'm so sad that I didn't exist at a time when all humans bearing boobs and hips were expected to wear skirts and dresses every day ",1
"276","That's a weird way to say he has a breeding kink. ",1
"277","Right? Like, how could she afford those trips without a man?? ",1
"278","I had no idea not making ham sandwiches was a privilege. Thanks a lot for enlightening me. ",1
"279","as a women, can confirm: i only want ranked competitive sex ",1
"280","The funny thing is that 95% of the human race thinks this dude has never touched a woman. ",1
"281","As a 29 yr oldâ€¦. Let me tell you my vagina must be covered by worms since I expired long ago. ðŸ˜‚ 

",1
"282","Wait, y'all have a shelf life? ",1
"283","He really showed in his personal life he truly was willing to die to protect women. ",1
"284","As someone with a clitoris, I can confirm it is an actual body part. 

Also, yes, porn is a great place to find all the information on female centric pleasure. ",1
"285","Most mass shooters leave notes about how the alt-right ideas inspired them. The alt-right is an ultra-sexist movement. I now wonder if that's a coincidence. ",1
"286","Yeah because nothing lowers anxiety in a woman than having a guy running at her like a rabid animal, tongue flopping out, crazed look in his eyes, with his dick out. ",1
"287","I always wonder how these dudes come up with this shit?   


Like yeah everyone knows women LOVE IT when all you do is sexualize them, don't ever engage in any meaningful conversation, as she breaks down her hobbies/life goals or w/e simply interrupt her in the middle of whatever she is saying to remark on how excellent her titty game is. ",1
"288","He was sending mixed signals! He didn't clearly say that he didn't want to be hit with a baseball bat. You take a guess and all of a sudden he accuses you of assault! ",1
"289","Donâ€™t worry. The male brain can get rid of a hemorrhage, shut down the whole bleeding thing. ",1
"290","Nobody can just take group photo's without our judgment! you will be judged! Now pick a fucking number! ",1
"291","Queer people are the pedophiles/groomers btw ",1
"292","A nazi who's also a pedophile? Color me shocked ",1
"293","a woman with body hair you say? her humors must be unbalanced, quickly get me the leeches, and once we are done here we will banish her to the woods for seven days, burn all her garments and pray for the dark spirits to go away. ",1
"294","God damn I'm not a woman but I'm just gettin hot and bothered, A man who wants to know nothing about you but your weight and whether or not you can have his kids???? MMMMM Baby needs to be locked down RN! ",1
"295","If you're cocasion and want my bare children, massage me. ",1
"296","I always check the bottom for the expiration date ",1
"297","guys is it gay to kiss a woman",1
"298","This is why I donâ€™t shake hands with men. We all know what those hands have been up to!   ",1
"299","I'll be sure to let my bf know that he's gay. Thank you for enlightening me on this subject ",1
"300","Fellas, is it gay to hold your penis while taking a piss? That's practically giving a handjob",1
"301","Men, DO NOT KISS WOMEN. Thatâ€™s gay ",1
"302","""All I want is for women to agree to being naked, vulnerable,  and penetrated by me with no expectations or prerequisites on their part.""

Why are they so mean :(


",1
"303","But if you did agree to share that sweet, sweet sex with me, I wouldn't want to have sex with you because you probably already ""gave it away"" to someone else and your lady bits would be useless because they were ""used."" ",1
"304","We stopped testing for covid and our covid numbers dropped! ðŸ¤¡ 

",1
"305","Cool, so if we just ban unplanned pregnancies we wouldn't even need abortions! ",1
"306","Because making drugs illegal stopped people from taking and/or selling them ",1
"307","Damn only 3 out of 5! ",1
"308","Yeah, unreasonably angry dude. Women are the problem. Youâ€™re doing ðŸ‘ŒðŸ».",1
"309","I didnt know i could have sex with any man without his consent! Cool!",1
"310","LMAO rosacea turns the cheeks red, same with cold weather.

Oh wow, skin conditions and the beginning of frostbite are Sooooo sexually arousing ",1
"311","I mean my eyelashes definitely get darker and thicker when I'm sexually aroused. So I think the man knows his science. ",1
"312","When you're cold, you are horny apparently. When you have a fever? SO horny. 

Allergic reaction? Rosacea? You absolute slut! ",1
"313","""I said plenty of guys who did it had big ones like Arnold so she could do it too"". I'm sorry, did the dude just say that Arnold's got big boobs coz from gym? I think poor Arnold doesn't know that yet. OR is he suggesting that chest muscles are the same as breasts? I'm learning so much today. ",1
"314","Feminists can't handle the truth. Yeah, there's such a thing as a handle on truth: that's why incels are so good at it, they always have their own handle in their right hand. ",1
"315","He better not ever have sex with a future partner 80 or more times or he will run the risk of ruining her perfect vagina! ",1
"316","The man said it. You can't handle the truth. He used ""truth"" in the end. Must be true. Coz the man knows. Coz truth. I like truth. Don't you like truth. I like truth. ",1
"317","Yeah, because that's how flesh tubes on your body work, right? You also ""wear out"" your throat after like, 100 meals. Don't even get me started on what shitting 100+ times means for your asshole. ",1
"318","We can't handle the truth guys! ",1
"319",">because you feminists can't handle the truth

![gif](giphy|IgsXOXGPxfT3O)

&#x200B;

lol

&#x200B;

Edit: My bad, this was a meant as a joke post. here's the ",1
"320","Feminism invented AI.  And breasts.  All part of the master plan to enslave men.  

Target: Matriarchy 2025.  Right on schedule.  ",1
"321","""One mistake""

Hope this guy stays friends with someone who kills his family or sexually assaults someone he loves. It's one mistake, guys. Just one mistake. We all get a do over, right? Who doesn't engage in a little bit of inhumane morally rotten degenerate and vile actions every now and then?

",1
"322","Trolls arenâ€™t solution oriented in their responses so itâ€™s pointless to respond to trollishness.",0
"323","And the first conversation I see under this post is trolling / bad faith. Love it.",0
"324","You should really consider using the AutoModerator bot. It's a little annoying to set up initially, but it can be really handy for dealing with problems like this.",0
"325","This guy must love men being gay, that would leave more women for other men.

No?

Must just be bigotry then.",0
"326","Lesbians: Denying men since their inception. ðŸ¤£ðŸ¤¦â€â™€ï¸",0
"327","Woman : *exists*
Men: â€œHow dare you! Think about the men! Think about the children!â€",0
"328","Imagine being angry that lesbians exist because you can't find a single straight girl to f you. What a sorry soul.",0
"329","Yes I'm sure they've already called off the wedding with offers like that.",0
"330","Eww. Justâ€¦eww, to that dude.",0
"331","Oh f#ck right off.

First of all, just by lurking and observing women's spaces online you can pretty easily tell that women complement each other far more often than men do. Why? Well, DV, reproductive coercion, exploitation for mental/physical work, SA, neglect - you know, all the hits abusive partners like to play - are happening predominantly in heterosexual relationships and it's no secret that in most instances, even though it happens, men aren't the victims of it.

Second of all, nobody is denying men anything. You don't have a right to be given a partner. Having someone in your life is a privilege, and if you are unable to be a decent partner yourself, you won't get one.

Third of all, what kind of f#cking creep are you? Telling a woman you don't know you're ready to take her as a wife. This attitude right here and above is probably a lead cause of why you're only on ""standby"".

If they are happy together, I'm happy for them. Let them live a beautiful life in peace without any dipshits giving them unsolicited ""critique"" of their relationship. We pretty damn well know, that you know, that men like you can't measure up against another women. And that scares you.",0
"332","Wait wasn't this also said when Mariana Varela and Fabiola Valentin (Miss Argentina and Miss Puerto Rico) announced their relationship and wedding? Now I got questions. Is this the same guy? Did someone copy his tweet and say it to another lesbian couple? How many shitty men believe this idea?",0
"333","Being â€œable bodiedâ€ is the only thing he brings to the table? ðŸ¤£",0
"334","Excuse me, Iâ€™m going to go stand in the uncomfortable corner and drink until I forget what I just read.",0
"335","Il propose replace the definition of men in the dictionary with entitlement.

I cannot unpack the level of self-centeredness projected here.",0
"336","Maybe he should look for another ""able bodied"" man then? After all, he is already whining like a little girl.",0
"337","I so hope they stay on stand by - far away from other women. Forever.",0
"338","What the hell is going on inside this guy's head? Do you think after typing this he was ""oh yeah, that will totally make her think it over""?",0
"339","I want to crawl out of my own skin after reading that reply",0
"340","Itâ€™s the have a â€œrethinkâ€ part for me. Theyâ€™re lesbian, they arenâ€™t just going to wake up one morning and think, Iâ€™ll go date men today.",0
"341","Men seriously out here thinking everything's about them.",0
"342","Certain men really struggle with the idea that weâ€™re not chattel any longer. As a boomer, this has been fascinating to watch develop. And with the echo chamber of social media they all have a place to spread their ideas (which are creepy).",0
"343","*pukes*

This guy is gonna be single forever",0
"344","Tell me you donâ€™t get girls, without telling me you donâ€™t get girls!",0
"345","This is gross. No one is entitled to sex or being someone elseâ€™s partner.",0
"346","That last bit is kinda giving me r/niceguys vibes. I meanâ€¦you see it too, right?  
  
â€œOh, Iâ€™m going to put you down because youâ€™re doing something I donâ€™t like/I deem as wrong, but I and a friend of mine are off to the side waiting for you to date us because weâ€™re *such* a great catch!!â€  
  
But in all seriousness, how do these guys let their true colors show with just a few sentences?ðŸ˜­ Itâ€™s honestly impressive how they can be so disgusting with so few words at this point.",0
"347","Sir, theyâ€™re lesbians.",0
"348","Speaking as a man, if I was a woman (or even the last woman on earth), I would want nothing to do with this guy.",0
"349","Idk dude they seem to complement each other pretty well",0
"350","Message to that guy: being 600 pounds and stinking of B.O. and cum is not abled body",0
"351","How brave of this guy and his friend for stepping in and offering to save these 2 women from being happy.",0
"352","The wtf is strong with this one",0
"353","When and where this two persons' happiness denied anything to anyone?",0
"354","That is the biggest incel, neckbeard, lives in their moms basement comment Iâ€™ve ever read 

â€œInstead of being happy you should make me and my friend happy because our happiness is more important than yoursâ€",0
"355","Nooooâ€¦what your views and attitude are what denied you and your friend ALL women",0
"356","Imagine it's like week 2 after the pandemic starting with full force (timestamp on tweet), and *this* is what you're concerned with lmao

""Pls stop being lesbians, you don't understand, my friend and I are DESPERATE""",0
"357","Way to take the happiness of complete strangers and make it all about YOU, Dude. 

Anyway, I hope those two are still happy together.",0
"358","â€œAble bodiedâ€ why does he think we have something against disabled men? Thatâ€™s really the best point you could come up with?",0
"359","I feel like throwing up.",0
"360","If those two men wanna be married so bad, then why don't they just marry each other?",0
"361","*wives",0
"362","> I & a good friend of mine two able bodied men are on standby

Marry each other then",0
"363","Inside my head right now: *This has be a troll, this has to be a troll, this has to be a troll*",0
"364","No stay away",0
"365","I just canâ€™t believe he used/spelled â€˜complementâ€™ correctly.",0
"366","Apparently he only wants either of these women only.",0
"367","Standby? EW.",0
"368","I had to reread that paragraph about 3 times to understand.",0
"369","By the power of the holy church, I now pronounce theeâ€¦

BLOCKED AND DELETED",0
"370","Bro this just makes me want to be lesbian even more... and I'm bi.

Thankfully I know some men that are as disgusted with this behavior as I am",0
"371","Hilarious that he thinks that even if these women were straight they'd pick him. 

Dude you're no prize and neither are your friends.",0
"372","r/EntitledPeople",0
"373","Here's an idea, genius:. Why don't you and your buddy just decide to be gay and marry each other?  Problem solved!!  I mean, if lesbians can just decide to be straight then it should work the other way around, too-- right??",0
"374","Gotta love that ""can do"" spirit.   

>Hey, random lesbians, want to deny your sexual orientation and marry me, a random internet stranger?  I'd certainly be up for that because think your purdy.  

>Oh! I'm also the living embodiment of what made you certain you're a leabian, hope that's not a deal-breaker.  


He even had the presence of mind to not mention the size of his penis (or his buddy's penis) !",0
"375","That's the most fascinating symptom of entitlement to women I've seen yet ðŸ™ƒ Jackass: sees two women in love with each other Jackass: MINE? MINE! MINEMINEMINEMINEMINE like the seagulls in finding Dory",0
"376","Ugh...these tropes of men are worse than incels... Just disgusting ðŸ¤®",0
"377","... wow... what an asshat.

Every time I read these things my faith in humanity as a whole, and my gender in particular, slips a little more...",0
"378","Iâ€™m dyslexic AF 

but this shit is Amandasâ€¦ B-A-N-A-N-A-S!",0
"379","Wow! What a generous offer!",0
"380","Jesus Christ",0
"381","But with that logic shouldn't they also be against men having more than one wife, since this is a ""1:1"" scenario apparently",0
"382","Maybe the men should just...fuck each other. ðŸ¤·ðŸ»â€â™€ï¸",0
"383","Wait until gay men go straight and enter the competition for husbands.",0
"384","God, the *audacity*.",0
"385","I think theyâ€™re going to be on standby for the rest of their lives.",0
"386","funny, them being a homophobic piece of trash is stopping them from getting an able bodied woman",0
"387","They can be beautiful husbands to each other.",0
"388","What I don't understand is why are there islamophobic comments attacking one of the brides instead of the incel? Like what did she even do, they both look so happy",0
"389","EW EW EW WHAT THE FUCK WAS THAT DUDE THINKING",0
"390","Then fuck each other why don't you.",0
"391","And audacity and entitlement holy shit, I wish Iâ€™d have that much confidence",0
"392","Delusion x1000",0
"393","Well the great thing is that those two men that missed out on wives can marry each other! Problem solved ðŸ¤—",0
"394","The fucking GALL.",0
"395","I know itâ€™s not all men, but these seem to be the only men I have seen",0
"396","Im disgusted we live in a society that these people feel empowered to give their worthless, insipid opinions. 

Just shut up.",0
"397","Would a similar comment be made if it were two guys instead of two women?",0
"398","I don't think he believes women can be gay, in his mind, all women are attracted to men.",0
"399","bro is down horrendous",0
"400","The lesbian hijabi is honestly so incredibly brave. You can see in these comments below but I'm sure even in that post there'll be Muslim men jumping in to shame her. They'll ignore non-muslim gays and lesbians but then have fit if someone is visibly Muslim and gay. Literally will say that they don't exist and make up conspiracies that it's people faking it to make Muslims look bad. And they get hate from idiotic Islamophobes and Muslims.",0
"401","No way thatâ€™s not an Indian dude",0
"402","Lesbian Muslims confuse the shit out of me. Like, of all the belief systems in the world, you picked the one that hates you the most. Why?",0
"403","The hijab is a little ironic...",0
"404","Not to be pedantic, but ""wives."" Definitely not wife's like in the pic.",0
"405","Surely, responses like this are ironic, right?",0
"406","Sounds like a troll, I can't take people like this serious.",0
"407","So sarcasm and joking nowadays is not a thing? Clearly heâ€™s being a goof. Letâ€™s take 20% off there budâ€¦",0
"408","According to a study women are either bi or lesbian never straight. Which isn't the worst study tbh",0
"409","Isn't this logic dependent on there being an exactly equal number of men and women in the world?",0
"410","I have seen this exact reply did someone turn this into a copypasta?",0
"411","This dood.",0
"412","They're on standby ðŸ˜‚",0
"413","By the wording of it, i think he is like 59 years old",0
"414","Bro wtf",0
"415","Thanks, I'm gonna throw up (at the bigot, obviously)",0
"416","Aka I have two friends who are so off putting to women they weâ€™ve decided their best chance is to target lesbians. SMH.",0
"417","Thatâ€™s how I was brought up.",0
"418","Iâ€™m glad the couple got lots of support online tho, canâ€™t avoid the idiots completely but you can spread some positivity",0
"419","Desperate ass buddies.lol",0
"420","yuck, what a creepy sentiment.  

what a beautiful couple, though. <3",0
"421","""If your looking for a penis, it just so happens I know a guy....""",0
"422","Just be gay and marry your buddy, duh",0
"423","I don't understand this ""logic"". They are lesbians, they are not dating you. Is it so difficult to go to a choir, a gym, a weekly activity and start talking to straight women?",0
"424","Yeah, thatâ€™s exactly what I want in a mate. Someone who is definitely not into me, or even attracted to my sex. 

/s. Obviously. (Also, not saying that bi or pan people shouldnâ€™t marry someone of the same sex. Be with whoever makes you happy.)

Itâ€™s disturbing how some people view the world through such a self-centered and ignorant lens.",0
"425","Lesbians: **exist**",0
"426","Two women announcing their up coming wedding: Two best friends find love in each other...wedding will be held at so and so date.

Reasonable intelligent people: CONGRATULATIONS! So happy for the both of you!

Creepy disgusting man: Such a waste that you women aren't even considering my or my buddies able bodied penises at all in your day to day...but hey if the lesbine ever wears off...we're on standby ridged and always at attention (you have to take it as a compliment or we'll get butt hurt and whine about it).

Everyone around him and all around the world: ðŸ˜‘ðŸ¤¢ðŸ¤®ðŸ˜¡ðŸ–•",0
"427","*reads the post* Am I reading this correctly?

*grabs my glasses and rereads the post for confirmation* Yep, I read it correctly.

Men like him are an absolute joke.",0
"428","Just neckbeard supreme gentleman",0
"429","Dudes been on â€˜standbyâ€™ for decades",0
"430","""You denied me and my buddy the chance to marry you""

Thank fuck for that",0
"431","Indirect compliment? He thinks they're beautiful and would make a good spouse (which is evidently what they thought of each other). Just looking on the bright side",0
"432","""deny two men the lifetime chance to have two beautiful wives.""

&#x200B;

What man wouldn't want to be in a loveless marriage with a wife who doesn't find him attractive or enjoy sex with him?

&#x200B;

Some people are idiots.",0
"433","Props for shooting your shot ig",0
"434","This is not your beautiful wife",0
"435","Does he think they're gonna call off the wedding like ""sorry babe, this guy on Twitter is right, I know we've been together for years but I think we should end it, just read his Tweet!"" Like what the fuck did he expect the outcome to be why would you even say this",0
"436","We were all given choices in life. Rather they are good or bad we still were given the option to choose.  So If some men don't like women ok. And if some women don't like men. Ok",0
"437","I do believe, wholeheartedly, that if they were to HYPOTHETICALLY ""rethink"" it, I assure you that they would choose somebody, ANYBODY but you two. Because somebody who presents himself as ""someone who wants a beautiful wife"" as your peak in a relationship not only automatically lose all rights to fuck and reproduce, you lose your rights to live among civilised people and you should be kept in a zoo like the absolute horrid creature you are.",0
"438","Wait, so women ARE on this earth for men?? Funny, I recall thinking that women are here to have our OWN lives not to be as wives to bigoted assholes.",0
"439","""I'm a nice guy! I deserve to have chicks sucking my tiny dick, and if they don't, it's because they're just slutty whores!"" - ðŸ¤¡",0
"440","I love how this guy speaks as if he would even be a consideration. I guarantee neither of those women would cross the street to piss on him if he were on fire",0
"441","r/NotHowApostrophesWork",0
"442","How much y'all wanna bet he's unemployed, broke, living in his momma's basement and unhealthy asf with Cheeto dust in this fingers and face?",0
"443","This comment is absolutely disgusting, it should be â€œa good friend and Iâ€.",0
"444","I genuinely have to wonder if guys who post stuff like this are actually delusional enough to think this will work and the women will change their minds about being gay or if they just really want people to know how bigoted they are.",0
"445","Why doesn't he just marry his buddy instead ðŸ¤”",0
"446","Gross ðŸ¤¢

Edit: the ""men on standby"". Not the couple. The couple is adorable.",0
"447","Ah so this is why homophobic regressive societies tend to punish gay men far more than gay women. Only one group has a sexuality, the other just needs to lay down and think of England.",0
"448","On standby? Still with the old belief that what any individual woman wants and needs in a partner doesn't matter at all. Dumbed down to just selling yourself to someone who only wants to own a woman, because he certainly isn't basing it on knowing either of them.",0
"449","What kind of porn is he viewing that a prepubescent girls are a turn on for him? OOP should dump him and report him. Criminal thoughts there",0
"450","He needs to be arrested because this behaviour leads to actually attempting to get with these young girls. Who knows what else he has on his phone or computer.",0
"451","Jail. Now.

Don't pass go. Don't collect $200. Straight to jail.",0
"452","This girl needs to break up with him. He is not safe. He is a pedo and is trying to justify it. Leave",0
"453","Itâ€™s time for OP to call the police.",0
"454","There's no ""justifying"" watching child porn. It's illegal and immoral, period. Why the hell would you have a debate with your bf about this instead of calling the cops? These crimes have victims.",0
"455","Speaking on behalf of men: no. 'Evolving' your porn preferences to underage persons is not a general thing. If anything my preferences mature with me. A girl who looks like she could be my daughter doesn't do it for me.",0
"456","Women and girls are so much more than baby makers but with misogyny and culture views weâ€™re only seen as baby makers. And itâ€™s even worse when ppl start to think girls are ready for babies at such a young age acting like they donâ€™t have a life to live.",0
"457","This is just pedophilia. That man deserves to go to jail.",0
"458","Even in addition to the obvious, which everyone has covered beautifully already in the comments here: why is this phrased as if any kind of porn addiction is normal? Like if it didn't involve children, a ""regular porn addiction"" would be just fine? Obviously better than literally looking at CP, but any kind of porn addiction is not normal. It's not okay. This guy doesn't deserve any kind of relationship until he has not only been rehabilitated from this extreme (if that's possible), but rehabilitated from porn addiction as a whole. If that means never having a relationship, then that's a price worth paying for the safety and dignity of women and girls.",0
"459","OOP should ask the police what their opinion is",0
"460","This gal needs to do what I did to my ex-husband. Turn his ass over to the FBI. The sooner she does. The better off she will be. 

I found out due to me turning him in. They no longer had a warrant out on me. They up to that point thought I was also into that filth.",0
"461","Dump his body into the sea ðŸŒŠ",0
"462","There's no ""justifying"" watching child porn. It's illegal and immoral, period. Why the hell would you have a debate with your bf about this instead of calling the cops? These crimes have victims.",0
"463","Report report report report report. Report him so he's on the record for this already.

In regards of porn addiction, it can revert your brain to a juvenile state and start making you possibly (not always, but it can for some people) seek out hardcore/illegal porn, so I wouldn't be surprised if that's what he's unfortunately watching if he has an addicition.

Edit: to clarify, not everyone's porn addiction goes to this extent, but some people who were quite ""normal"" and never had interest into illegal content have sometimes started with a general porn addiction and the dopamin wasn't enough, so they kept escalating.

Holy. She needs to break-up with him and report him.",0
"464","This should say ex boyfriend and she should tell the police",0
"465","It IS a progression of porn addiction, like the bad kind that needs a therapist, to seek out more and more extreme or taboo material when regular porn becomes so commonplace it doesn't do the job anymore.

This is an extremely dangerous road and I have seen people lose themselves to it, ending up in prison, followed by years of therapy and a lifetime on the sex offender registry.

Porn addiction will destroy lives, and not just his own.",0
"466","Heâ€™d be an ex so effen fastâ€¦..",0
"467","Who wants to tell her that her boyfriend is a pedophile?",0
"468","I have a porn addiction. I do not look at cp. Never want to and never will. That is a whole other problem",0
"469","To me this seems like him projecting and claiming things without understanding anything else.  

Prime reproductive age? Like what, there is no such thing as prime reproductive age and even if it was it ain't as hell young teens.   Men naturally want this?   If men naturally wanted that then a majority of men would be fighting laws over it.  When people naturally want things they fight for it when given the chance.",0
"470","I hope she leaves that pedo",0
"471","Yep he's a pedo for sure.",0
"472","People need to stop confusing puberty with nubility. Puberty is the period of time in where changes happen and at the end you reach sexual maturity, nubility is the period of being able to reproduce. 

A 14 yo might have reached puberty but is still developing, both physically and mentally. So that's not an acceptable standard (obviously). A girl reaching puberty doesn't mean she can/should conceive or concent.

But I'm just nitpicking here, obviously this is gross bc, yk, that's a **CHILD** and no further explanation is required",0
"473","Omfg

I would have ran, not walked, out of that relationship. I would have also reported him for kiddie porn.

Why TF do people act like this is something to think about?????? I don't get it.",0
"474","â€œNormal progression of porn addictionâ€ tf does that even mean????????",0
"475","So, that is SUPER DUPER illegal and she needs to report him to the police.",0
"476","She forgot to add Ex in the title.",0
"477","![gif](giphy|f8lDluiWJ7yQTtdS3L|downsized)",0
"478","Holy fuck. You could report him to the police. 

Definitely dump him and GTFO.",0
"479","I donâ€™t really understand being attracted to 18 year olds. This is disgusting. Attraction to minors is abhorrent and they always start with visual media before escalating unto finding victims. He needs to be jailed. I actually knew someone I thought was a good person then I heard he got arrested for this very thing. (Pictures of 13 year olds)",0
"480","Thats not how porn addiction works. Excessive porn/masturbstion will create an imbalance in the excess release of dopamine. This can lead to more intense fetishes, such as bdsm, because your brain needs more of a ""hit"" in order to satisfy the craving for dopamine, similar to that of a drug addiction. However, you won't just suddenly become attracted to a type of person you were never attracted to before. Porn doesn't make you gay, it doesn't make you straight, and it sure as hell doesn't make you a pedophile.",0
"481","Doesnâ€™t matter, itâ€™s still illegal to have any visual depiction of sexually explicit conduct involving anyone who is under 18. It doesnâ€™t matter if theyâ€™re prepubescent or not. If theyâ€™re under 18, itâ€™s illegal and IMO immoral. Yes, this does mean you could have sex with someone between the age of consent and age 18, and the sex would be legal but pictures of it would be illegal. And it does apply to selfies.",0
"482","This is probably the most disgusting thing Iâ€™ll read today. Horrific.",0
"483","Omfg.. OOP.. Please report .. Take his device to the cops..",0
"484","CP is a crime. Surely OOP knows that... Right?",0
"485","OOP should call the police and go from there.",0
"486","Not only this guy a fucking idiot and a pedophile he also porn addicted so he is a fuck up times 3.",0
"487","This man is a pedophile, full stop",0
"488","Fbi report now.",0
"489","I mean you could just take him into any backwoods hardware store and start loudly explaining his sexual preferences. I feel like where Iâ€™m from he wouldnâ€™t make it off the mountain after that.",0
"490","Gf should calmly agree, steal their pc/phone then bring it to the police",0
"491","Tell me your bf is a pedophile without telling me your bf is a pedophile ðŸ˜®ðŸ¤¨ðŸ˜¶ðŸ˜’",0
"492","My husband wonâ€™t even look at porn because of how damaging it often is to women in the industry. Iâ€™m not saying everyone needs to do the same but Iâ€™d *seriously* think less of someone who actively seeks our porn where people are being abused, which child porn unequivocally is. I agree with others that if OP knows this person is looking at child porn, they absolutely should report it.",0
"493","CSAM is illegal to possess for a reason. The boyfriend is a pedophile and she should call the police. WTF is wrong with both of these people!",0
"494","Yo this is disgusting! My mom dumped my dad for looking at college girl porn, both of her daughters are almost college age so I understand why she's pissed out of her mind. But this right here is just sick asff. Those are literal children that only sick minded adults are attracted to. OOP should definitely report him cuz he will never EVER change",0
"495","Disgusting. How old is he? I feel like if he was 18-20 it would be gross but middle aged makes me nauseous. Regardless unacceptable.",0
"496","Dude is not okay in the head 1000%. 

That said, Iâ€™ve been seeing a lot of porn on the front page of pornhub and other places that have girls who are 18+ talking and behaving like they are 15- or younger- really â€˜childlikeâ€™ women playing into that physique and acting like it. I really think this kind of kink should be banned. IDK how you get off to a video of your â€˜teenybopperâ€™ â€˜step sisterâ€™ with pig tails and braces whoâ€™s confused about what a â€˜cockâ€™ is and â€˜how sex worksâ€™. I canâ€™t wank to this, it feels wrong on so many levels. Whoever can is on a bad path or is literally like 13 as well- both arenâ€™t good. 

I wouldnâ€™t go looking for it, but there are whole channels/creators/models dedicated to this â€˜contentâ€™.

Please donâ€™t shame me for watching porn. I donâ€™t believe I have an addiction, but I do know something alarming when I see it.",0
"497"," Is He Watching Actual Children Or Just Anime?

 If Its Real: Ew

If It Anime: I Watched ""made in abyss"" So I Can't Say Much",0
"498","I blame artists like Cardi B who over sexualize her own gender.",0
"499","Dafuq? Bounce, block, delete and call the cops while youre at it.",0
"500","You broke up with him *and reported him for child porn*, right?????",0
"501","OP RUN!!!",0
"502","Report him and run, porn is an escalating drug of the worst kind, sad he went that route, but it doesn't excuse it, theres no excuse for the sexualization of minors",0
"503","Oooooof",0
"504","Hope she whooped his ass black and blue",0
"505","theres women who have these kinds of unhinged bfs and then theres my introverted ass all alone.",0
"506","Break up with him. NOW.",0
"507","NO, just NO, NO and NO plus NO.  
There is no justification in the world, I would report to the police.",0
"508","""that's a pretty big word for a 9 year old""",0
"509","Iâ€™m just gonna say all the comments saying heâ€™s wrong and thatâ€™s not normal are correct. And I am telling you that you should break up with him. And if the reason you know this is because he has cp on his phone then report it to the police. (Donâ€™t tell him youâ€™re reporting him, also you may want to report before you break up so he doesnâ€™t think anything of it)",0
"510","besides the fact that looking at child porn/being turned on by pictures of children is so severely fucked up, having a porn addiction isnâ€™t even a good excuse. a porn addiction that gets that severe is not something to be understood, it is something you seek help for and get under control. if he did have a porn addiction, this has nothing to do with that. heâ€™s just a pedophile.",0
"511","I stopped watching porn with my now ex when he started with that Japanese school girl bullshit.",0
"512","DUMP HIM. REPORT HIM.",0
"513","Why is your focus on his weird ""girls are ready when they hit puberty"" and not the fact that he's LITERALLY LOOKING AT UNDERAGE SEX SLAVES.",0
"514","Yeah that guy is straight up a pedophile",0
"515","He is a pedophile. Having a period does not justify reproduction. I am so disgusted with the so called men. Those are children!",0
"516","Well 90% of women are probably dating 90% of men so I can assume thatâ€¦

90% of men only want women for sex. 

90% of men have nothing to offer women except money. 

Seems like men suck too then.",0
"517","87.5% of statistics are made up on the spot, including this one.",0
"518","So you're saying 90% of men also have a single thing to contribute to relationships?",0
"519","So, men expect us to cook and clean for them yet this man basically says ""remove sex from relationship with woman what else does she have to offer?"". What is it. Are we just sex slaves or maids?",0
"520","Weird how men are NEVER to blame for relationships failing or being pointlessâ€¦",0
"521","Let me rephrase it for you:  
90% of men are only dating a girl because of sex. The see nothing else in them.  
Also 90% of men can offer nothing else than money for a relationship.  


Suddenly this turns from a misogyn comment into a sad cry for help",0
"522","If we remove 90% of people like you from relationships life would be so much easier",0
"523","My man just self reports that women don't like him for anything else other than money, and that he only sees them as objects for sex.",0
"524","Spoken like a man who has experience with neither.",0
"525","As someone with lovingly married parents of over 35years who themselves admit they aren't sexual(my mom's asexual, came out like... 10ish+ years ago) and she's also the breadwinner for the family.... I'd say this man is HELLA wrong. On both counts ðŸ¤£",0
"526","Wait, sex is the only thing that keeps a relationship going? I thought it was just an added bonus? Am I doing relationship wrong?",0
"527","This isnâ€™t at all true. Women are great.

Most of my friends have historically been women, by choice.

Iâ€™ve found as a man that women bring a lot more to the table as friends than other guys do.

Women tend to understand emotions better, make better conversationalists, and have higher levels of compassion than men tend to, again in my personal experience. Women are also generally speaking more creative and think in more abstract ways than men do. This in my experience has led to much deeper conversations and Iâ€™ve learnt a lot more about life from women than I have from men.

It was from a woman that 14 years old I learnt about existentialism, for instance. I have to think most of my 14 year old peers wouldnâ€™t even have known what that word meant. 

Again the above are just my experiences and are not meant to act as scientific data.

99% of my platonic relationships by choice are women. Women bring a hell of a lot more to the table than â€œjust sexâ€ or â€œjust as a romantic partner.â€

Women are wonderful. And ought to be celebrated. 

What every incel forgets is that it was the hard work of a woman carrying you for nine months and then literally straining her body to birth you that they are here. 

And no, thatâ€™s not to be taken to mean that a womanâ€™s only value is motherhood. Iâ€™m simply saying these guys bash women while forgetting they wouldnâ€™t exist if not for a woman.",0
"528","Not a man. But I guess my asexual partner has nothing to offer me, good to know. Guess I'll go break up with them.",0
"529","Say it with me, guys, gals and everyone in between, â€œtoo misogynistic to like women, too homophobic to date menâ€",0
"530","In today's Rectal Fact Finding Hearing ðŸ¤£",0
"531","Wild statement to read when you are ace and a guy.",0
"532","this is so reductive for both sexes.",0
"533","So men do all the work in the home now? I thought I heard men saying they couldn't learn washing machines ðŸ¤”",0
"534","These people say that women are child like and just act on impulse but they also say that women are calculated psychopaths that manipulate men into giving them what they want, I donâ€™t get it, which one are we?",0
"535","Why do dudes date people they have absolutely no interest in spending time with",0
"536","Remove this man's post and you will see that nothing he has said in it was of any value.",0
"537","Remove sex from relationship and you will discover that 90% of asexuals would be happy with that!

That's the only way I can see this making sense lol (also I love made-up statistics!)",0
"538","What I've learned about this guy:

- sexpest
- rejected 100%
- broke
- thinks women who rejected him wouldn't if he wasn't broke
- bad at statistics",0
"539","r/arethestraightsok",0
"540","The sad part is that heâ€™s probably homophobic",0
"541","They do realise they donâ€™t have date women right? Lol",0
"542","Sources: Trust me dude.",0
"543","Talk about a self-report.",0
"544","Ace people:

![gif](giphy|pz7X6ivsb8KaEO9D4F)",0
"545","No one tell this dude Asexuals in Relationships exist, we might do permanent damage",0
"546","It's so depressing to see people freely admit that they don't see us the same as they see men. They think women only have sex to offer because that's all they see us for. The fact that we can provide companionship, friendship, also money, and really anything that any human is capable of offering, is lost on them

Whatever. The fewer women that men like this interact with, the better. They should just go and marry each other",0
"547","According to this logic 90% men are useless unless they have money.",0
"548","You can survive without sex, you can't survive without money and I'm not talking about being rich. Talking about having enough to have a roof over your head, bills paid, and food to eat. This was a problem I had with my ex because he kept quitting jobs and I don't know how many times we came close to being homeless. He kept insisting I be a stay-at-home mom when I told him I would work and he could stay at home with our son but nope. He didn't want to do that. So the cycle continued until I got sick of it. Then he finally got his shit together but it was too late. I had checked out of the relationship years before he did.",0
"549","Mhm yes because deep trust and companionship is simply overrated",0
"550","Well, shit, I guess I must be a dude. I see someone's time and companionship as more important in a relationship. I also have more to offer than sex. I'm highly educated, have a sense of humor, and know how to cook.",0
"551","If you're dating someone and removing either of those makes you hate the relationship then you didn't like the person in the first place.",0
"552","Do people like this hate men more or hate women more?  I can never tell.",0
"553","Finances are a cornerstone of a properly functioning relationship. If finances are incompatible the relationship will be tested severely and likely fail. If both partners arenâ€™t contributing to living expenses it will strain any relationship. 

She isnâ€™t a gold digger if all sheâ€™s asking is for you to pay your half of the bills.",0
"554","Concept of relationship just left the chat on this one",0
"555","Why is it that when you remove something that men allegedly want out of a relationship, its that women dont have anything else to offer, but when you remove what women allegedly want out of a relationship, its also women failing to find reason to maintain the relationship
The statement itself is bullshit but even the wording is textbook double-standarts
like come on",0
"556","Guys need women for so many reasons. This poster is just mad. 

Emotional support, female friendship,  different perspective, so much more..  Women bring a lot to the table.",0
"557","I feel like 90% of reddit posts are creative writing",0
"558","And on pages 2-8, ww have 43 articles lamenting the increasing numbers of women who don't want to marry, and also the endless grousing of incels who can't figure out why women can't be bothered with their nonsense.",0
"559","FINALLY my wife and I are in the top 10% of something!",0
"560","This guy really doesn't think much of men if he thinks 90% of them have nothing to offer except money.",0
"561","   For a bunch of guys that claim to not need nor like women, they sure do focus on us a lot ðŸ˜‚ 

I donâ€™t like cherry pie. I donâ€™t go around saying how much I hate or make a lot of posts about it. As a matter of fact I only mention it now, because thereâ€™s a book sitting next to me with a picture of a cherry pie on it ðŸ˜‚ . Theyâ€™re like bitter boomers who blame millennials for everything",0
"562","I love when people pull numbers out their ass to prove a point",0
"563",">>implying my wife didn't marry me for my strong dick game

Fr though, maybe these hateful little man babies just can't imagine having a loving, cooperative relationship",0
"564","My husband was broke af before we got married - I legitimately don't care. It's not like I have champagne wishes and caviar dreams. I have a lot of physical issues, and I can't have sex as often as I was able to before we got married, but his love for me has never and (hopefully) will never lessen.",0
"565","Crazy how the conclusion of both scenarios is the fault of the women huh",0
"566","Can men just date each other already and leave us the fuck alone",0
"567","Whatever happened to love and companionship?",0
"568","Says the guy who makes 25k a year, has never made a woman cum, and has more than likely been caught staring at his sister for a bit too long...I think the real question is what do YOU bring to the table, GREG??",0
"569","Okay???? So just be with a man then",0
"570","When will all these broke, porn-addicted men just give it up and get with each other instead of bothering and obsessing over women, especially ones theyâ€™ll never have a chance with in the first place? ðŸ’€ Living in their poor excuse of a brain 24/7 rent fucking free.",0
"571","Dating men can be his solution then",0
"572","Source: his armpit",0
"573","A study concluded that in 73% of quotes that involve a percentage, the said percentage is actually made up.",0
"574","Just because 9 out of **your** 10 relationships didnâ€™t work outâ€¦.",0
"575","Stop wasting time hating women and just fuck other dudes already.",0
"576","I think that blanket statements like this are ass. Your opinion stems from personal experience and not facts.",0
"577","I was in love with a woman for 3 years and we hadn't even met in person. I don't think lack of sex was the issue.",0
"578","Sounds like a man-problem",0
"579","This reeks of â€œI got dumped and Iâ€™m salty so fuck womenâ€ energy. I dunno",0
"580","He's calling everyone shallow but ironically is admitting he thinks woman are only worth the sex they give and men are only worth the money they make.",0
"581","Fun fact: 93.8% of statistics are made up on the spot",0
"582","These dudes somehow assume they're making enough money to pay for all the household chores they obviously assume their wives would be doing when they're not having sex?",0
"583","This is a pretty dark view on relationships and it seems to promote mysogyny.",0
"584","Perhaps he lives in a dimension where women donâ€™t work. Cause as far as I know women can take care of themselves financially at least in my country. And yet theyâ€™re still looked down upon .",0
"585","To this dude it sounds like prostitution with extra steps",0
"586","I think this personâ€™s definition of â€œrelationshipâ€ is a bit off.",0
"587","what a sad life he must have; Iâ€™m almost sorry for him",0
"588","Nice, my wife is one of the 10%.",0
"589","When your world view is a woman is only there to have kids and take care of her husband, he is pretty much right.   

Plenty of women work, my wife is my partner.  OP doesn't understand.",0
"590","Are you living in the same fucking economy as everyone else? Do you think the men in my community have money? Girl, we're eating canned soup up in here.",0
"591","Says the guy with no bitches",0
"592","This is definitely written by a Andrew Tate moron I can just sense it",0
"593","Funny how he framed it as â€˜women have nothing to offer other than sexâ€™ but also â€˜women see no reason to stay in the relationshipâ€™.",0
"594","bro i make more money than my bf and we donâ€™t have sex every day and we are going great ðŸ¤·ðŸ»â€â™€ï¸",0
"595","Can you imagine being so stupid?",0
"596","I always have to laugh at arguments like this because I come from a comfortable middle class family, willingly chose to date a broke boy who loves and supports me, and he's asexual so we rarely have sex.",0
"597","Joke's on you! We have neither sex nor money and are happily married! Guess we're both in the 10%.",0
"598","This dude: men have card chip pee pees , women have card chip reading vajajas. Me so smart cause I said %",0
"599","Considering itâ€™s my money, Iâ€™d like to know where the hell it went. And if itâ€™s all missing, youâ€™re right, I AM leavingâ€”and Iâ€™m taking the sex with me. 

Marriage is a partnership, not transactional. Incels donâ€™t seem to understand this",0
"600","aristocrats voice:

and we call it...

\*\* THE PATRIARCHY \*\*",0
"601","Women have plenty of things to offer. It's just that men like this put no value on them. Career, aspirations, hobbies, long-term goals, skills such as sales or baking.   It strikes me that men discount anything g a woman does if he is not the focus of it.

As to losing money, it would seriously depend on the circumstances.  Did he lose it from a gambling addiction? Make a poor investment? Contact a serious illness? If I had a partner and he gambled his money away,  I'm not sticking around. If he became seriously ill with....idk leukemia,  I'd stay by his side till the end.",0
"602","Oh, what BS.  I supported my ex more than he supported me financially, and i have a very healthy sex drive, so bugger off.   

We also had loads in common so we could talk for hours and go and be together without getting bored.",0
"603","I mean, I just got back from a weekend with my bf. Yeah we had sex but only maybe twice? The rest of it? Well, we talked together, we ate together, we played videogames and watched LOTR together. We snuggled and cuddled together, we had tickle fights. No money (aside from getting food) and not a lot of sex. I'd say about 100% of our weekend was a relationship.

Guys like in the post need to maybe try getting to know a woman first and not lay her first. And maybe get their mind out of Tate's ass.",0
"604","I just feel sad for these guys. What a shallow, reductive way of looking at women / half the human race. All of the meaningful relationships they are missing out on because they view relationships so transactionally. It's their loss, but women's gain since they are so toxic",0
"605","I paid my wifeâ€™s rent along with my own so she could pay down her debt before we even got engaged but okay go off I guess. 

I prob donâ€™t count bc Iâ€™m a lesbian.",0
"606","I date my boyfriend because he does cute lil dances and we go bird-watching on weekends. Also no one else plays tennis/baseball with me. 

&#x200B;

&#x200B;

Love that man and his infinite enjoyment with bird-watching :)",0
"607","soâ€¦the take away is that men are also useless without money",0
"608","He must get some real gold digging women.

I'm guessing that might be because of the way he treats women.",0
"609","All I see online are women complaining about how they are basically their husband or boyfriends mothers and then have to take care of actual their children too. And yet women have nothing to offer men aside from sex? Damn what world is this? Sign me up!",0
"610","Do any of these men making this type of post actually like women?",0
"611","The way he worded the second part differently to make women still seem like the bad guys",0
"612","I am a professional massage therapist and a best-selling cookbook author. You know what that means, right? I can give a great massage and I can cook. When I got together with my husband I was earning $50/hour in 1990 dollars; I have made over a million bucks with the cookbooks. 

My SIL makes more money than my brother, though he does okay. Her job also provides their health insurance. My sister, a teacher, supports my BIL and has all along. Sheâ€™s also the one accruing a public pension. 

But do go on about how we bring nothing to the table but sex.",0
"613","Looks like someone's burned out on the dating scene.",0
"614","These are the same folks that believe Walter White was a hero in the story.",0
"615","If youâ€™re taking away womenâ€™s money, Iâ€™d expect more than 90% wouldnâ€™t want to be in a relationship with you",0
"616","A lot of word to explain that he can only get girls while paying.",0
"617","Since itâ€™s a manâ€™s perspective it would be more accurate for him to say â€œsex is 90% what I care about in a relationship and money is 90% of what Iâ€™m willing to contribute to maintain a relationshipâ€",0
"618","My mom never hugged me and now I hate women. Just one step removed from being in a crime special",0
"619","It's missing everything about: ""If you can't be handsome, you should at least be handy."" I feel like this can make up for a portion of the monies.",0
"620","Whoâ€™s gonna stay with someone who has no money, how do you expect someone to be attracted to bankruptcy lmao",0
"621","So whatâ€™s your expectation, that women put out for some guy without a job?

Also most of the women I know make more money than their male partners. And most men are intimidated by it.",0
"622","90% is a good stat for people making up bullshit because anyone who disagrees is just the mysterious 10% for them",0
"623","Don't know where he is getting his numbers, but I have known far, far too many women in relationships with men who are making less than they do, or are unemployed.

Now, I do not know if these women were having sex with their men or not, but according to this guy, if the woman isn't giving him sex, she is good for nothing. (Except for supporting him when he's unemployed)",0
"624","*HAAHHAHA*

I'm dying. Lemme rephrase that.

""Remove sex from a relationship, and 90% of guys won't find anything worth staying for.

Remove money from a relationship, and 90% of guys will have nothing to offer women in their life.""

Gotta love the little tweak he put in to make it seem like women aren't putting in work to offer anything but sex, but are also super shallow and want nothing but money.",0
"625","I think this person must be living with their parents with none of the above to offer. Hence the post.",0
"626","This is more than misogynist, it's anti-human companionship",0
"627","gosh, just so inspirational, you know? are we not just the luckiest women to have ever lived to be able to say we existed at the same time as this absolute masterpiece?",0
"628","I don't know... sex has been removed from my married life for quite some time due to my husband needing a hip replacement at 43. And I make all the money.... we're very happy. ðŸ˜Š",0
"629","So we should pay women the same amount for doing the same job finally?",0
"630","Interesting how he carefully avoids framing the ""take money out of the relationship and you discover that men have nothing to offer women"" the same way he frames the take sex out of the relationship......

Says a whole lot more about how little he has to offer than he would be comfortable exposing if he was aware of it",0
"631","90% is high, but not as high as this dude on the daily.",0
"632","I bet this tweet was written by a dude on a womanâ€™s couch.",0
"633","I married my wife because I liked hanging our with her more than other people. Seems like a pretty simple plan.",0
"634","I know I'm supposed to be outraged, and I would be, but I'm too tired. 

It just makes me sad, that so many men are so aggressively against developing and nurturing actual relationships. That they're so bitter and spiteful and unhappy that they want to spread misery and malice.",0
"635","No shit these people are so depressed, imagine believing most women can only:

A) offer nothing but looks in a relationship.

B) most women wonâ€™t want you because anything else but money.

Thatâ€™s just a really sad and pathetic view of women and yourself. Fuck that, why not just stay alone and leave these women alone, they are definitely better off without so many shitty men",0
"636","Oh how grateful I am everyday to be asexual.",0
"637","I can definitely see that there could be men and women who can only offer sex, but I don't even see this number being over 5% on either side. 

I really feel genuinely confuzzled over the fact these posts came from real people. We can be equal. I understand not wanting equality out of their relationship. Cool, I hope you both feel that way though. The whole victorian roots that existed like these guys say is awful",0
"638","I luv when misogynists pull random fake facts and statistics out of their asses",0
"639","Iâ€™m sure 100% of women have nothing to offer this loser.",0
"640","Iâ€™m lucky I got a girl thatâ€™ll sleep in a cardboard box with me",0
"641","Nah. It' more like 40%:

* 40% of women have nothing to offer that a man wants except for sex.
* 40% of men have nothing to offer that a woman wants except for money.

The questions left unanswered are:

* How does what men want & women offer responds to hypogamy.
* How does what women want & men offer responds to hypergamy.",0
"642","Nowadays men canâ€™t offer anything else other than income which most women have, and so this is why women initiate divorces most of the time. You can cry, you can downvote, you can watch more Andrew Tate podcasts but yâ€™all know itâ€™s TRUE. â¤ï¸",0
